{
    "ACBA": "Erweiterungsmodul",
    "AD": "Kernmodul",
    "AEDC1": "Zusatzmodul",
    "AEDC2TO": "Zusatzmodul",
    "AFU": "Zusatzmodul",
    "AIOT": "Erweiterungsmodul",
    "AISO": "Majormodul",
    "AITEC": "Erweiterungsmodul",
    "ANRECHINDIVID": "Erweiterungsmodul",
    "APPE": "Kernmodul",
    "BAA": "Projektmodul",
    "BAA+INF": "Projektmodul",
    "BCHAIN": "Majormodul",
    "BDM": "Erweiterungsmodul",
    "BIZCON": "Zusatzmodul",
    "BPRAXIS": "Erweiterungsmodul",
    "BUSI+ENG": "Zusatzmodul",
    "BW": "Erweiterungsmodul",
    "CAB": "Majormodul",
    "CAE": "Zusatzmodul",
    "CCNA": "Erweiterungsmodul",
    "CHMA": "Zusatzmodul",
    "CI": "Majormodul",
    "CILAB": "Majormodul",
    "CNA": "Kernmodul",
    "CNF": "Erweiterungsmodul",
    "CPE_PREP": "Zusatzmodul",
    "CSA": "Erweiterungsmodul",
    "CYBER": "Erweiterungsmodul",
    "DASB": "Majormodul",
    "DAVI": "Majormodul",
    "DAWA": "Majormodul",
    "DBS": "Kernmodul",
    "DEFRC1.2": "Zusatzmodul",
    "DEFRC1_1": "Zusatzmodul",
    "DESG": "Zusatzmodul",
    "DIGITRANS": "Zusatzmodul",
    "DL4G": "Majormodul",
    "DMATH": "Kernmodul",
    "EBUSI": "Zusatzmodul",
    "EBV": "Erweiterungsmodul",
    "ECONS": "Zusatzmodul",
    "EENG": "Zusatzmodul",
    "EEXP": "Zusatzmodul",
    "ERP1": "Erweiterungsmodul",
    "ESB": "Zusatzmodul",
    "ETHIK": "Erweiterungsmodul",
    "FCE": "Zusatzmodul",
    "FKOM": "Projektmodul",
    "FOMED": "Majormodul",
    "GAMEDES": "Majormodul",
    "GAMEDEV": "Majormodul",
    "GDF": "Zusatzmodul",
    "GPOR": "Erweiterungsmodul",
    "HFD": "Majormodul",
    "HMATH": "Erweiterungsmodul",
    "I40_BAS": "Zusatzmodul",
    "IAVR": "Majormodul",
    "IMATH": "Erweiterungsmodul",
    "INFKOL": "Erweiterungsmodul",
    "INFSEC+MAN": "Erweiterungsmodul",
    "INTRO": "Erweiterungsmodul",
    "IOS": "Erweiterungsmodul",
    "IOTHACK": "Erweiterungsmodul",
    "IPCV": "Erweiterungsmodul",
    "ISF": "Kernmodul",
    "ISFCS": "Zusatzmodul",
    "ISLAB": "Majormodul",
    "ISOA": "Majormodul",
    "ITEO": "Kernmodul",
    "ITRE": "Erweiterungsmodul",
    "IoT": "Majormodul",
    "KBDS": "Majormodul",
    "KKM": "Zusatzmodul",
    "KUFA": "Zusatzmodul",
    "LINALG": "Erweiterungsmodul",
    "MA+PHY1_T": "Erweiterungsmodul",
    "MANSEC": "Majormodul",
    "MARI": "Erweiterungsmodul",
    "MATH": "Kernmodul",
    "MC": "Erweiterungsmodul",
    "ME+TE": "Zusatzmodul",
    "MEDTECH": "Erweiterungsmodul",
    "ML": "Majormodul",
    "MOBLAB": "Majormodul",
    "MOBPRO": "Erweiterungsmodul",
    "MOBSYS": "Erweiterungsmodul",
    "MOD": "Kernmodul",
    "MOVK": "Majormodul",
    "MTOP": "Erweiterungsmodul",
    "NA": "Zusatzmodul",
    "OEK": "Zusatzmodul",
    "OEK_PWG": "Zusatzmodul",
    "OOP": "Kernmodul",
    "PAWI": "Projektmodul",
    "PEAK": "Zusatzmodul",
    "PLAB": "Kernmodul",
    "PMB": "Projektmodul",
    "PMRE": "Kernmodul",
    "PO+GE": "Zusatzmodul",
    "PRAXIS_3/6": "Projektmodul",
    "PRAXIS_VT": "Erweiterungsmodul",
    "PRAXIS_VTZ": "Projektmodul",
    "PREN1": "Projektmodul",
    "PREN2": "Projektmodul",
    "PTA": "Projektmodul",
    "RCCR": "Zusatzmodul",
    "ROBLAB": "Majormodul",
    "SELL": "Zusatzmodul",
    "SIM+MOD": "Erweiterungsmodul",
    "SOCIAL": "Zusatzmodul",
    "SP1": "Zusatzmodul",
    "SP2": "Zusatzmodul",
    "SPRG": "Majormodul",
    "STAT": "Kernmodul",
    "SWAT": "Majormodul",
    "SWDE": "Kernmodul",
    "SWT": "Erweiterungsmodul",
    "TE+GE": "Zusatzmodul",
    "TECW": "Zusatzmodul",
    "UCDE": "Majormodul",
    "UGDM": "Erweiterungsmodul",
    "USAB": "Majormodul",
    "VID": "Majormodul",
    "VSK": "Kernmodul",
    "VWL1": "Zusatzmodul",
    "VWL2": "Zusatzmodul",
    "WEBLAB": "Majormodul",
    "WEBTEC": "Erweiterungsmodul",
    "WIPRO": "Projektmodul",
    "XML": "Erweiterungsmodul"
}